Workbook

Sheet BinaryData
A1: Recipe | B1: Tomato | C1: Garlic | D1: Salt | E1: Onion | F1: TomatoPaste | G1: OliveOil | H1: Celery | I1: Broth | J1: GreenPepper | K1: Cumin | L1: Flour | M1: BrownSugar | N1: BayLeaf | O1: GroundBeef | P1: BlackPepper | Q1: ChiliPowder | R1: Cilantro | S1: Carrot | T1: CayennePepper | U1: Oregano | V1: Oil | W1: Parsley | X1: PorkSausage | Y1: RedPepper | Z1: Paprika | AA1: Thyme | AB1: Tomatillo | AC1: JalapenoPepper | AD1: WorcestershireSauce | AE1: Lime | AF1: Eggplant | AG1: GreenOlives | AH1: Capers | AI1: Sugar
A2: Spag_Sauce | B2: 1 | C2: 1 | D2: 1 | E2: 1 | F2: 1 | G2: 1 | H2: 0 | I2: 0 | J2: 0 | K2: 0 | L2: 0 | M2: 0 | N2: 0 | O2: 0 | P2: 0 | Q2: 0 | R2: 0 | S2: 0 | T2: 0 | U2: 1 | V2: 0 | W2: 1 | X2: 0 | Y2: 0 | Z2: 0 | AA2: 0 | AB2: 0 | AC2: 0 | AD2: 0 | AE2: 0 | AF2: 0 | AG2: 0 | AH2: 0 | AI2: 0
A3: Spag_Meat_Sauce | B3: 1 | C3: 1 | D3: 1 | E3: 1 | F3: 1 | G3: 1 | H3: 1 | I3: 0 | J3: 1 | K3: 0 | L3: 0 | M3: 0 | N3: 1 | O3: 1 | P3: 0 | Q3: 0 | R3: 0 | S3: 1 | T3: 0 | U3: 0 | V3: 0 | W3: 0 | X3: 1 | Y3: 1 | Z3: 0 | AA3: 0 | AB3: 0 | AC3: 0 | AD3: 0 | AE3: 0 | AF3: 0 | AG3: 0 | AH3: 0 | AI3: 0
A4: Eggplant_Relish | B4: 0 | C4: 1 | D4: 1 | E4: 1 | F4: 1 | G4: 1 | H4: 0 | I4: 0 | J4: 0 | K4: 0 | L4: 0 | M4: 0 | N4: 0 | O4: 0 | P4: 0 | Q4: 0 | R4: 0 | S4: 0 | T4: 0 | U4: 0 | V4: 0 | W4: 0 | X4: 0 | Y4: 0 | Z4: 0 | AA4: 0 | AB4: 0 | AC4: 0 | AD4: 0 | AE4: 0 | AF4: 1 | AG4: 1 | AH4: 1 | AI4: 1
A5: Creole_Sauce | B5: 1 | C5: 0 | D5: 1 | E5: 1 | F5: 1 | G5: 1 | H5: 1 | I5: 1 | J5: 1 | K5: 0 | L5: 0 | M5: 0 | N5: 0 | O5: 0 | P5: 1 | Q5: 0 | R5: 0 | S5: 0 | T5: 0 | U5: 0 | V5: 0 | W5: 0 | X5: 0 | Y5: 0 | Z5: 1 | AA5: 1 | AB5: 0 | AC5: 0 | AD5: 1 | AE5: 0 | AF5: 0 | AG5: 0 | AH5: 0 | AI5: 0
A6: Salsa | B6: 1 | C6: 1 | D6: 1 | E6: 1 | F6: 0 | G6: 0 | H6: 0 | I6: 0 | J6: 0 | K6: 0 | L6: 0 | M6: 0 | N6: 0 | O6: 0 | P6: 0 | Q6: 1 | R6: 1 | S6: 0 | T6: 0 | U6: 0 | V6: 0 | W6: 0 | X6: 0 | Y6: 0 | Z6: 0 | AA6: 0 | AB6: 1 | AC6: 1 | AD6: 0 | AE6: 1 | AF6: 0 | AG6: 0 | AH6: 0 | AI6: 0
A7: Enchilada_Sauce | B7: 1 | C7: 0 | D7: 0 | E7: 0 | F7: 0 | G7: 0 | H7: 0 | I7: 1 | J7: 0 | K7: 1 | L7: 1 | M7: 1 | N7: 0 | O7: 0 | P7: 0 | Q7: 1 | R7: 0 | S7: 0 | T7: 1 | U7: 0 | V7: 1 | W7: 0 | X7: 0 | Y7: 0 | Z7: 0 | AA7: 0 | AB7: 0 | AC7: 0 | AD7: 0 | AE7: 0 | AF7: 0 | AG7: 0 | AH7: 0 | AI7: 0
A8: new | B8: 1 | C8: 1 | D8: 1 | E8: 1 | F8: 1 | G8: 0 | H8: 0 | I8: 0 | J8: 0 | K8: 0 | L8: 0 | M8: 0 | N8: 0 | O8: 0 | P8: 0 | Q8: 0 | R8: 0 | S8: 0 | T8: 0 | U8: 1 | V8: 0 | W8: 1 | X8: 0 | Y8: 0 | Z8: 0 | AA8: 0 | AB8: 0 | AC8: 0 | AD8: 0 | AE8: 0 | AF8: 0 | AG8: 0 | AH8: 0 | AI8: 0
A11: Vidhi Kansara - 20029476 - HW10 - Similarity

Sheet JaccardSimilarity
B1: Spag_Sauce | C1: Spag_Meat_Sauce | D1: Eggplant_Relish | E1: Creole_Sauce | F1: Salsa | G1: Enchilada_Sauce | H1: new
A2: Spag_Sauce | B2: 1 | C2: =SUMPRODUCT((BinaryData!B2:AI2=1)*(BinaryData!B3:AI3=1))/SUMPRODUCT((BinaryData!B2:AI2=1)+(BinaryData!B3:AI3=1)-(BinaryData!B2:AI2=1)*(BinaryData!B3:AI3=1)) -> 0.4 | D2: =SUMPRODUCT((BinaryData!B2:AI2=1)*(BinaryData!B4:AI4=1))/SUMPRODUCT((BinaryData!B2:AI2=1)+(BinaryData!B4:AI4=1)-(BinaryData!B2:AI2=1)*(BinaryData!B4:AI4=1)) -> 0.41666667 | E2: =SUMPRODUCT((BinaryData!B2:AI2=1)*(BinaryData!B5:AI5=1))/SUMPRODUCT((BinaryData!B2:AI2=1)+(BinaryData!B5:AI5=1)-(BinaryData!B2:AI2=1)*(BinaryData!B5:AI5=1)) -> 0.33333333 | F2: =SUMPRODUCT((BinaryData!B2:AI2=1)*(BinaryData!B6:AI6=1))/SUMPRODUCT((BinaryData!B2:AI2=1)+(BinaryData!B6:AI6=1)-(BinaryData!B2:AI2=1)*(BinaryData!B6:AI6=1)) -> 0.30769231 | G2: =SUMPRODUCT((BinaryData!B2:AI2=1)*(BinaryData!B7:AI7=1))/SUMPRODUCT((BinaryData!B2:AI2=1)+(BinaryData!B7:AI7=1)-(BinaryData!B2:AI2=1)*(BinaryData!B7:AI7=1)) -> 0.066666667 | H2: =SUMPRODUCT((BinaryData!B2:AI2=1)*(BinaryData!B8:AI8=1))/SUMPRODUCT((BinaryData!B2:AI2=1)+(BinaryData!B8:AI8=1)-(BinaryData!B2:AI2=1)*(BinaryData!B8:AI8=1)) -> 0.875
A3: Spag_Meat_Sauce | B3: =SUMPRODUCT((BinaryData!B3:AI3=1)*(BinaryData!B2:AI2=1))/SUMPRODUCT((BinaryData!B3:AI3=1)+(BinaryData!B2:AI2=1)-(BinaryData!B3:AI3=1)*(BinaryData!B2:AI2=1)) -> 0.4 | C3: 1 | D3: =SUMPRODUCT((BinaryData!B3:AI3=1)*(BinaryData!B4:AI4=1))/SUMPRODUCT((BinaryData!B3:AI3=1)+(BinaryData!B4:AI4=1)-(BinaryData!B3:AI3=1)*(BinaryData!B4:AI4=1)) -> 0.29411765 | E3: =SUMPRODUCT((BinaryData!B3:AI3=1)*(BinaryData!B5:AI5=1))/SUMPRODUCT((BinaryData!B3:AI3=1)+(BinaryData!B5:AI5=1)-(BinaryData!B3:AI3=1)*(BinaryData!B5:AI5=1)) -> 0.38888889 | F3: =SUMPRODUCT((BinaryData!B3:AI3=1)*(BinaryData!B6:AI6=1))/SUMPRODUCT((BinaryData!B3:AI3=1)+(BinaryData!B6:AI6=1)-(BinaryData!B3:AI3=1)*(BinaryData!B6:AI6=1)) -> 0.22222222 | G3: =SUMPRODUCT((BinaryData!B3:AI3=1)*(BinaryData!B7:AI7=1))/SUMPRODUCT((BinaryData!B3:AI3=1)+(BinaryData!B7:AI7=1)-(BinaryData!B3:AI3=1)*(BinaryData!B7:AI7=1)) -> 0.05 | H3: =SUMPRODUCT((BinaryData!B3:AI3=1)*(BinaryData!B8:AI8=1))/SUMPRODUCT((BinaryData!B3:AI3=1)+(BinaryData!B8:AI8=1)-(BinaryData!B3:AI3=1)*(BinaryData!B8:AI8=1)) -> 0.33333333
A4: Eggplant_Relish | B4: =SUMPRODUCT((BinaryData!B4:AI4=1)*(BinaryData!B2:AI2=1))/SUMPRODUCT((BinaryData!B4:AI4=1)+(BinaryData!B2:AI2=1)-(BinaryData!B4:AI4=1)*(BinaryData!B2:AI2=1)) -> 0.41666667 | C4: =SUMPRODUCT((BinaryData!B4:AI4=1)*(BinaryData!B3:AI3=1))/SUMPRODUCT((BinaryData!B4:AI4=1)+(BinaryData!B3:AI3=1)-(BinaryData!B4:AI4=1)*(BinaryData!B3:AI3=1)) -> 0.29411765 | D4: 1 | E4: =SUMPRODUCT((BinaryData!B4:AI4=1)*(BinaryData!B5:AI5=1))/SUMPRODUCT((BinaryData!B4:AI4=1)+(BinaryData!B5:AI5=1)-(BinaryData!B4:AI4=1)*(BinaryData!B5:AI5=1)) -> 0.23529412 | F4: =SUMPRODUCT((BinaryData!B4:AI4=1)*(BinaryData!B6:AI6=1))/SUMPRODUCT((BinaryData!B4:AI4=1)+(BinaryData!B6:AI6=1)-(BinaryData!B4:AI4=1)*(BinaryData!B6:AI6=1)) -> 0.2 | G4: =SUMPRODUCT((BinaryData!B4:AI4=1)*(BinaryData!B7:AI7=1))/SUMPRODUCT((BinaryData!B4:AI4=1)+(BinaryData!B7:AI7=1)-(BinaryData!B4:AI4=1)*(BinaryData!B7:AI7=1)) -> 0 | H4: =SUMPRODUCT((BinaryData!B4:AI4=1)*(BinaryData!B8:AI8=1))/SUMPRODUCT((BinaryData!B4:AI4=1)+(BinaryData!B8:AI8=1)-(BinaryData!B4:AI4=1)*(BinaryData!B8:AI8=1)) -> 0.33333333
A5: Creole_Sauce | B5: =SUMPRODUCT((BinaryData!B5:AI5=1)*(BinaryData!B2:AI2=1))/SUMPRODUCT((BinaryData!B5:AI5=1)+(BinaryData!B2:AI2=1)-(BinaryData!B5:AI5=1)*(BinaryData!B2:AI2=1)) -> 0.33333333 | C5: =SUMPRODUCT((BinaryData!B5:AI5=1)*(BinaryData!B3:AI3=1))/SUMPRODUCT((BinaryData!B5:AI5=1)+(BinaryData!B3:AI3=1)-(BinaryData!B5:AI5=1)*(BinaryData!B3:AI3=1)) -> 0.38888889 | D5: =SUMPRODUCT((BinaryData!B5:AI5=1)*(BinaryData!B4:AI4=1))/SUMPRODUCT((BinaryData!B5:AI5=1)+(BinaryData!B4:AI4=1)-(BinaryData!B5:AI5=1)*(BinaryData!B4:AI4=1)) -> 0.23529412 | E5: 1 | F5: =SUMPRODUCT((BinaryData!B5:AI5=1)*(BinaryData!B6:AI6=1))/SUMPRODUCT((BinaryData!B5:AI5=1)+(BinaryData!B6:AI6=1)-(BinaryData!B5:AI5=1)*(BinaryData!B6:AI6=1)) -> 0.16666667 | G5: =SUMPRODUCT((BinaryData!B5:AI5=1)*(BinaryData!B7:AI7=1))/SUMPRODUCT((BinaryData!B5:AI5=1)+(BinaryData!B7:AI7=1)-(BinaryData!B5:AI5=1)*(BinaryData!B7:AI7=1)) -> 0.11111111 | H5: =SUMPRODUCT((BinaryData!B5:AI5=1)*(BinaryData!B8:AI8=1))/SUMPRODUCT((BinaryData!B5:AI5=1)+(BinaryData!B8:AI8=1)-(BinaryData!B5:AI5=1)*(BinaryData!B8:AI8=1)) -> 0.26666667
A6: Salsa | B6: =SUMPRODUCT((BinaryData!B6:AI6=1)*(BinaryData!B2:AI2=1))/SUMPRODUCT((BinaryData!B6:AI6=1)+(BinaryData!B2:AI2=1)-(BinaryData!B6:AI6=1)*(BinaryData!B2:AI2=1)) -> 0.30769231 | C6: =SUMPRODUCT((BinaryData!B6:AI6=1)*(BinaryData!B3:AI3=1))/SUMPRODUCT((BinaryData!B6:AI6=1)+(BinaryData!B3:AI3=1)-(BinaryData!B6:AI6=1)*(BinaryData!B3:AI3=1)) -> 0.22222222 | D6: =SUMPRODUCT((BinaryData!B6:AI6=1)*(BinaryData!B4:AI4=1))/SUMPRODUCT((BinaryData!B6:AI6=1)+(BinaryData!B4:AI4=1)-(BinaryData!B6:AI6=1)*(BinaryData!B4:AI4=1)) -> 0.2 | E6: =SUMPRODUCT((BinaryData!B6:AI6=1)*(BinaryData!B5:AI5=1))/SUMPRODUCT((BinaryData!B6:AI6=1)+(BinaryData!B5:AI5=1)-(BinaryData!B6:AI6=1)*(BinaryData!B5:AI5=1)) -> 0.16666667 | F6: 1 | G6: =SUMPRODUCT((BinaryData!B6:AI6=1)*(BinaryData!B7:AI7=1))/SUMPRODUCT((BinaryData!B6:AI6=1)+(BinaryData!B7:AI7=1)-(BinaryData!B6:AI6=1)*(BinaryData!B7:AI7=1)) -> 0.13333333 | H6: =SUMPRODUCT((BinaryData!B6:AI6=1)*(BinaryData!B8:AI8=1))/SUMPRODUCT((BinaryData!B6:AI6=1)+(BinaryData!B8:AI8=1)-(BinaryData!B6:AI6=1)*(BinaryData!B8:AI8=1)) -> 0.33333333
A7: Enchilada_Sauce | B7: =SUMPRODUCT((BinaryData!B7:AI7=1)*(BinaryData!B2:AI2=1))/SUMPRODUCT((BinaryData!B7:AI7=1)+(BinaryData!B2:AI2=1)-(BinaryData!B7:AI7=1)*(BinaryData!B2:AI2=1)) -> 0.066666667 | C7: =SUMPRODUCT((BinaryData!B7:AI7=1)*(BinaryData!B3:AI3=1))/SUMPRODUCT((BinaryData!B7:AI7=1)+(BinaryData!B3:AI3=1)-(BinaryData!B7:AI7=1)*(BinaryData!B3:AI3=1)) -> 0.05 | D7: =SUMPRODUCT((BinaryData!B7:AI7=1)*(BinaryData!B4:AI4=1))/SUMPRODUCT((BinaryData!B7:AI7=1)+(BinaryData!B4:AI4=1)-(BinaryData!B7:AI7=1)*(BinaryData!B4:AI4=1)) -> 0 | E7: =SUMPRODUCT((BinaryData!B7:AI7=1)*(BinaryData!B5:AI5=1))/SUMPRODUCT((BinaryData!B7:AI7=1)+(BinaryData!B5:AI5=1)-(BinaryData!B7:AI7=1)*(BinaryData!B5:AI5=1)) -> 0.11111111 | F7: =SUMPRODUCT((BinaryData!B7:AI7=1)*(BinaryData!B6:AI6=1))/SUMPRODUCT((BinaryData!B7:AI7=1)+(BinaryData!B6:AI6=1)-(BinaryData!B7:AI7=1)*(BinaryData!B6:AI6=1)) -> 0.13333333 | G7: 1 | H7: =SUMPRODUCT((BinaryData!B7:AI7=1)*(BinaryData!B8:AI8=1))/SUMPRODUCT((BinaryData!B7:AI7=1)+(BinaryData!B8:AI8=1)-(BinaryData!B7:AI7=1)*(BinaryData!B8:AI8=1)) -> 0.071428571
A8: new | B8: =SUMPRODUCT((BinaryData!B8:AI8=1)*(BinaryData!B2:AI2=1))/SUMPRODUCT((BinaryData!B8:AI8=1)+(BinaryData!B2:AI2=1)-(BinaryData!B8:AI8=1)*(BinaryData!B2:AI2=1)) -> 0.875 | C8: =SUMPRODUCT((BinaryData!B8:AI8=1)*(BinaryData!B3:AI3=1))/SUMPRODUCT((BinaryData!B8:AI8=1)+(BinaryData!B3:AI3=1)-(BinaryData!B8:AI8=1)*(BinaryData!B3:AI3=1)) -> 0.33333333 | D8: =SUMPRODUCT((BinaryData!B8:AI8=1)*(BinaryData!B4:AI4=1))/SUMPRODUCT((BinaryData!B8:AI8=1)+(BinaryData!B4:AI4=1)-(BinaryData!B8:AI8=1)*(BinaryData!B4:AI4=1)) -> 0.33333333 | E8: =SUMPRODUCT((BinaryData!B8:AI8=1)*(BinaryData!B5:AI5=1))/SUMPRODUCT((BinaryData!B8:AI8=1)+(BinaryData!B5:AI5=1)-(BinaryData!B8:AI8=1)*(BinaryData!B5:AI5=1)) -> 0.26666667 | F8: =SUMPRODUCT((BinaryData!B8:AI8=1)*(BinaryData!B6:AI6=1))/SUMPRODUCT((BinaryData!B8:AI8=1)+(BinaryData!B6:AI6=1)-(BinaryData!B8:AI8=1)*(BinaryData!B6:AI6=1)) -> 0.33333333 | G8: =SUMPRODUCT((BinaryData!B8:AI8=1)*(BinaryData!B7:AI7=1))/SUMPRODUCT((BinaryData!B8:AI8=1)+(BinaryData!B7:AI7=1)-(BinaryData!B8:AI8=1)*(BinaryData!B7:AI7=1)) -> 0.071428571 | H8: 1

Sheet CosineSimilarity
B1: Spag_Sauce | C1: Spag_Meat_Sauce | D1: Eggplant_Relish | E1: Creole_Sauce | F1: Salsa | G1: Enchilada_Sauce | H1: new
A2: Spag_Sauce | B2: 1 | C2: =SUMPRODUCT(BinaryData!B2:AI2,BinaryData!B3:AI3)/(SQRT(SUMSQ(BinaryData!B2:AI2))*SQRT(SUMSQ(BinaryData!B3:AI3))) -> 0.58834841 | D2: =SUMPRODUCT(BinaryData!B2:AI2,BinaryData!B4:AI4)/(SQRT(SUMSQ(BinaryData!B2:AI2))*SQRT(SUMSQ(BinaryData!B4:AI4))) -> 0.58925565 | E2: =SUMPRODUCT(BinaryData!B2:AI2,BinaryData!B5:AI5)/(SQRT(SUMSQ(BinaryData!B2:AI2))*SQRT(SUMSQ(BinaryData!B5:AI5))) -> 0.51031036 | F2: =SUMPRODUCT(BinaryData!B2:AI2,BinaryData!B6:AI6)/(SQRT(SUMSQ(BinaryData!B2:AI2))*SQRT(SUMSQ(BinaryData!B6:AI6))) -> 0.47140452 | G2: =SUMPRODUCT(BinaryData!B2:AI2,BinaryData!B7:AI7)/(SQRT(SUMSQ(BinaryData!B2:AI2))*SQRT(SUMSQ(BinaryData!B7:AI7))) -> 0.125 | H2: =SUMPRODUCT(BinaryData!B2:AI2,BinaryData!B8:AI8)/(SQRT(SUMSQ(BinaryData!B2:AI2))*SQRT(SUMSQ(BinaryData!B8:AI8))) -> 0.93541435
A3: Spag_Meat_Sauce | B3: =SUMPRODUCT(BinaryData!B3:AI3,BinaryData!B2:AI2)/(SQRT(SUMSQ(BinaryData!B3:AI3))*SQRT(SUMSQ(BinaryData!B2:AI2))) -> 0.58834841 | C3: 1 | D3: =SUMPRODUCT(BinaryData!B3:AI3,BinaryData!B4:AI4)/(SQRT(SUMSQ(BinaryData!B3:AI3))*SQRT(SUMSQ(BinaryData!B4:AI4))) -> 0.46225016 | E3: =SUMPRODUCT(BinaryData!B3:AI3,BinaryData!B5:AI5)/(SQRT(SUMSQ(BinaryData!B3:AI3))*SQRT(SUMSQ(BinaryData!B5:AI5))) -> 0.56044854 | F3: =SUMPRODUCT(BinaryData!B3:AI3,BinaryData!B6:AI6)/(SQRT(SUMSQ(BinaryData!B3:AI3))*SQRT(SUMSQ(BinaryData!B6:AI6))) -> 0.36980013 | G3: =SUMPRODUCT(BinaryData!B3:AI3,BinaryData!B7:AI7)/(SQRT(SUMSQ(BinaryData!B3:AI3))*SQRT(SUMSQ(BinaryData!B7:AI7))) -> 0.098058068 | H3: =SUMPRODUCT(BinaryData!B3:AI3,BinaryData!B8:AI8)/(SQRT(SUMSQ(BinaryData!B3:AI3))*SQRT(SUMSQ(BinaryData!B8:AI8))) -> 0.52414242
A4: Eggplant_Relish | B4: =SUMPRODUCT(BinaryData!B4:AI4,BinaryData!B2:AI2)/(SQRT(SUMSQ(BinaryData!B4:AI4))*SQRT(SUMSQ(BinaryData!B2:AI2))) -> 0.58925565 | C4: =SUMPRODUCT(BinaryData!B4:AI4,BinaryData!B3:AI3)/(SQRT(SUMSQ(BinaryData!B4:AI4))*SQRT(SUMSQ(BinaryData!B3:AI3))) -> 0.46225016 | D4: 1 | E4: =SUMPRODUCT(BinaryData!B4:AI4,BinaryData!B5:AI5)/(SQRT(SUMSQ(BinaryData!B4:AI4))*SQRT(SUMSQ(BinaryData!B5:AI5))) -> 0.38490018 | F4: =SUMPRODUCT(BinaryData!B4:AI4,BinaryData!B6:AI6)/(SQRT(SUMSQ(BinaryData!B4:AI4))*SQRT(SUMSQ(BinaryData!B6:AI6))) -> 0.33333333 | G4: =SUMPRODUCT(BinaryData!B4:AI4,BinaryData!B7:AI7)/(SQRT(SUMSQ(BinaryData!B4:AI4))*SQRT(SUMSQ(BinaryData!B7:AI7))) -> 0 | H4: =SUMPRODUCT(BinaryData!B4:AI4,BinaryData!B8:AI8)/(SQRT(SUMSQ(BinaryData!B4:AI4))*SQRT(SUMSQ(BinaryData!B8:AI8))) -> 0.50395263
A5: Creole_Sauce | B5: =SUMPRODUCT(BinaryData!B5:AI5,BinaryData!B2:AI2)/(SQRT(SUMSQ(BinaryData!B5:AI5))*SQRT(SUMSQ(BinaryData!B2:AI2))) -> 0.51031036 | C5: =SUMPRODUCT(BinaryData!B5:AI5,BinaryData!B3:AI3)/(SQRT(SUMSQ(BinaryData!B5:AI5))*SQRT(SUMSQ(BinaryData!B3:AI3))) -> 0.56044854 | D5: =SUMPRODUCT(BinaryData!B5:AI5,BinaryData!B4:AI4)/(SQRT(SUMSQ(BinaryData!B5:AI5))*SQRT(SUMSQ(BinaryData!B4:AI4))) -> 0.38490018 | E5: 1 | F5: =SUMPRODUCT(BinaryData!B5:AI5,BinaryData!B6:AI6)/(SQRT(SUMSQ(BinaryData!B5:AI5))*SQRT(SUMSQ(BinaryData!B6:AI6))) -> 0.28867513 | G5: =SUMPRODUCT(BinaryData!B5:AI5,BinaryData!B7:AI7)/(SQRT(SUMSQ(BinaryData!B5:AI5))*SQRT(SUMSQ(BinaryData!B7:AI7))) -> 0.20412415 | H5: =SUMPRODUCT(BinaryData!B5:AI5,BinaryData!B8:AI8)/(SQRT(SUMSQ(BinaryData!B5:AI5))*SQRT(SUMSQ(BinaryData!B8:AI8))) -> 0.43643578
A6: Salsa | B6: =SUMPRODUCT(BinaryData!B6:AI6,BinaryData!B2:AI2)/(SQRT(SUMSQ(BinaryData!B6:AI6))*SQRT(SUMSQ(BinaryData!B2:AI2))) -> 0.47140452 | C6: =SUMPRODUCT(BinaryData!B6:AI6,BinaryData!B3:AI3)/(SQRT(SUMSQ(BinaryData!B6:AI6))*SQRT(SUMSQ(BinaryData!B3:AI3))) -> 0.36980013 | D6: =SUMPRODUCT(BinaryData!B6:AI6,BinaryData!B4:AI4)/(SQRT(SUMSQ(BinaryData!B6:AI6))*SQRT(SUMSQ(BinaryData!B4:AI4))) -> 0.33333333 | E6: =SUMPRODUCT(BinaryData!B6:AI6,BinaryData!B5:AI5)/(SQRT(SUMSQ(BinaryData!B6:AI6))*SQRT(SUMSQ(BinaryData!B5:AI5))) -> 0.28867513 | F6: 1 | G6: =SUMPRODUCT(BinaryData!B6:AI6,BinaryData!B7:AI7)/(SQRT(SUMSQ(BinaryData!B6:AI6))*SQRT(SUMSQ(BinaryData!B7:AI7))) -> 0.23570226 | H6: =SUMPRODUCT(BinaryData!B6:AI6,BinaryData!B8:AI8)/(SQRT(SUMSQ(BinaryData!B6:AI6))*SQRT(SUMSQ(BinaryData!B8:AI8))) -> 0.50395263
A7: Enchilada_Sauce | B7: =SUMPRODUCT(BinaryData!B7:AI7,BinaryData!B2:AI2)/(SQRT(SUMSQ(BinaryData!B7:AI7))*SQRT(SUMSQ(BinaryData!B2:AI2))) -> 0.125 | C7: =SUMPRODUCT(BinaryData!B7:AI7,BinaryData!B3:AI3)/(SQRT(SUMSQ(BinaryData!B7:AI7))*SQRT(SUMSQ(BinaryData!B3:AI3))) -> 0.098058068 | D7: =SUMPRODUCT(BinaryData!B7:AI7,BinaryData!B4:AI4)/(SQRT(SUMSQ(BinaryData!B7:AI7))*SQRT(SUMSQ(BinaryData!B4:AI4))) -> 0 | E7: =SUMPRODUCT(BinaryData!B7:AI7,BinaryData!B5:AI5)/(SQRT(SUMSQ(BinaryData!B7:AI7))*SQRT(SUMSQ(BinaryData!B5:AI5))) -> 0.20412415 | F7: =SUMPRODUCT(BinaryData!B7:AI7,BinaryData!B6:AI6)/(SQRT(SUMSQ(BinaryData!B7:AI7))*SQRT(SUMSQ(BinaryData!B6:AI6))) -> 0.23570226 | G7: 1 | H7: =SUMPRODUCT(BinaryData!B7:AI7,BinaryData!B8:AI8)/(SQRT(SUMSQ(BinaryData!B7:AI7))*SQRT(SUMSQ(BinaryData!B8:AI8))) -> 0.13363062
A8: new | B8: =SUMPRODUCT(BinaryData!B8:AI8,BinaryData!B2:AI2)/(SQRT(SUMSQ(BinaryData!B8:AI8))*SQRT(SUMSQ(BinaryData!B2:AI2))) -> 0.93541435 | C8: =SUMPRODUCT(BinaryData!B8:AI8,BinaryData!B3:AI3)/(SQRT(SUMSQ(BinaryData!B8:AI8))*SQRT(SUMSQ(BinaryData!B3:AI3))) -> 0.52414242 | D8: =SUMPRODUCT(BinaryData!B8:AI8,BinaryData!B4:AI4)/(SQRT(SUMSQ(BinaryData!B8:AI8))*SQRT(SUMSQ(BinaryData!B4:AI4))) -> 0.50395263 | E8: =SUMPRODUCT(BinaryData!B8:AI8,BinaryData!B5:AI5)/(SQRT(SUMSQ(BinaryData!B8:AI8))*SQRT(SUMSQ(BinaryData!B5:AI5))) -> 0.43643578 | F8: =SUMPRODUCT(BinaryData!B8:AI8,BinaryData!B6:AI6)/(SQRT(SUMSQ(BinaryData!B8:AI8))*SQRT(SUMSQ(BinaryData!B6:AI6))) -> 0.50395263 | G8: =SUMPRODUCT(BinaryData!B8:AI8,BinaryData!B7:AI7)/(SQRT(SUMSQ(BinaryData!B8:AI8))*SQRT(SUMSQ(BinaryData!B7:AI7))) -> 0.13363062 | H8: 1
